高铁,复兴号,商务座
动车,智能动车,一等座
普通车,动感号,二等座
高铁,智能动车,软卧
动车,复兴号,硬座
普通车,动感号,商务座
高铁,复兴号,一等座
动车,智能动车,二等座
普通车,动感号,硬卧
高铁,智能动车,硬座
动车,复兴号,商务座
普通车,动感号,一等座
高铁,复兴号,二等座
动车,智能动车,硬卧
普通车,动感号,商务座
高铁,复兴号,一等座
动车,智能动车,二等座
普通车,动感号,软卧
高铁,智能动车,商务座
test,test,test
普通车,动感号,硬卧
高铁,复兴号,软卧
动车,智能动车,商务座
普通车,动感号,一等座
高铁,智能动车,二等座
动车,复兴号,硬座
普通车,动感号,商务座
高铁,复兴号,一等座
动车,智能动车,二等座
普通车,动感号,软卧
高铁,智能动车,商务座
动车,复兴号,一等座
普通车,动感号,二等座
高铁,智能动车,硬座
动车,复兴号,商务座
普通车,动感号,一等座
高铁,复兴号,二等座
动车,智能动车,硬卧
普通车,动感号,商务座
高铁,智能动车,一等座
动车,复兴号,二等座
普通车,动感号,硬座
高铁,复兴号,商务座
动车,智能动车,一等座
普通车,动感号,二等座
高铁,智能动车,硬卧
动车,复兴号,商务座
普通车,动感号,一等座
高铁,复兴号,二等座
动车,智能动车,硬座
普通车,动感号,商务座
